Tên sản phẩm,Đánh giá
Sữa chua Đà Lạt,4
Bánh mì Huế,5
Nem chua Ninh Hòa,3
Cà phê Buôn Ma Thuột,4
Phở Hà Nội,5
Bánh đúc Thanh Hóa,3
Hải sản Nha Trang,4
Bún bò Huế,5
Mứt sen Hưng Yên,3
Gạo tám Tân Hòa,4
Bánh cuốn Hà Nội,5
Bò kho Sài Gòn,3
Bún chả Hà Nội,4
Phở Sài Gòn,5
Bánh tráng cuốn Thanh Hóa,3
Bánh đa cua Hải Phòng,4
Chả lụa Huế,5
Chè Hạ Long,3
Sữa đậu nành Hà Nội,4
Chè sầu Riêng Bến Tre,5
Thịt kho tàu Sài Gòn,3
Cơm tấm Sài Gòn,4
Bánh phu thê Hà Nội,5
Bánh xèo Sài Gòn,3
Bún mắm Nha Trang,4
Bánh tráng nướng Đà Lạt,5
Bánh bèo Huế,3
Bún riêu Sài Gòn,4
Bánh canh cua Hà Nội,5
Bánh tráng trộn Sài Gòn,3
Bánh khọt Vũng Tàu,4
Bún mọc Thanh Hóa,5
Bánh giò Sài Gòn,3
Bún bò Nam Bộ,4
Nước mắm Phú Quốc,5
Bánh trung thu Kinh Đô,3
Bánh tét Hàn Thuyên,4
Bánh bột lọc Huế,5
Nem Lụi Huế,3
Bánh mì Sài Gòn,4
Bánh tráng phơi sương Tây Ninh,5
Bánh canh chả cá Hải Phòng,3
Bánh tráng kẹp Sa Đéc,4
Bánh tôm Hồ Tây,5
Bún chả cá Lã Vọng,3
Bánh mì que Hà Nội,4
